imagenes/Caras/Nuestras/imgCaro/6.jpg;0
imagenes/Caras/Nuestras/imgCaro/10.jpg;0
imagenes/Caras/Nuestras/imgCaro/7.jpg;0
imagenes/Caras/Nuestras/imgCaro/1.jpg;0
imagenes/Caras/Nuestras/imgCaro/9.jpg;0
imagenes/Caras/Nuestras/imgCaro/12.jpg;0
imagenes/Caras/Nuestras/imgCaro/13.jpg;0
imagenes/Caras/Nuestras/imgCaro/14.jpg;0
imagenes/Caras/Nuestras/imgCaro/3.jpg;0
imagenes/Caras/Nuestras/imgCaro/15.jpg;0
imagenes/Caras/Nuestras/imgCaro/2.jpg;0
imagenes/Caras/Nuestras/imgCaro/8.jpg;0
imagenes/Caras/Nuestras/imgCaro/11.jpg;0
imagenes/Caras/Nuestras/imgCaro/5.jpg;0
imagenes/Caras/Nuestras/imgCaro/4.jpg;0
imagenes/Caras/Nuestras/imgVanessa/IMG_20161201_063522.jpg;1
imagenes/Caras/Nuestras/imgVanessa/IMG_20161118_092626.jpg;1
imagenes/Caras/Nuestras/imgVanessa/IMG_20161201_063417.jpg;1
imagenes/Caras/Nuestras/imgVanessa/IMG_20161201_171027.jpg;1
imagenes/Caras/Nuestras/imgVanessa/IMG_20161103_170223.jpg;1
imagenes/Caras/Nuestras/imgVanessa/IMG_20161126_135619.jpg;1
imagenes/Caras/Nuestras/imgVanessa/IMG_20161201_063432.jpg;1
imagenes/Caras/Nuestras/imgVanessa/IMG_20161116_170206.jpg;1
imagenes/Caras/Nuestras/imgVanessa/IMG_20161201_063520.jpg;1
imagenes/Caras/Nuestras/imgVanessa/IMG_20161201_063444.jpg;1
imagenes/Caras/Nuestras/imgVanessa/IMG_20161201_063436.jpg;1
imagenes/Caras/Nuestras/imgVanessa/IMG_20161201_170806.jpg;1
imagenes/Caras/Nuestras/imgVanessa/IMG_20161201_063439.jpg;1
